bno,btitle,bcontent,bhit,bdate,member_id,bfile,bgroup,bindent,bstep
1,7 Westend Road,Hartsfield-Jackson Atlanta,0,2025-05-01,bbb,2.jpg,1,0,0
2,4474 Muir Point,John F. Kennedy International,0,2025-05-24,eee,2.jpg,2,0,0
3,1130 Raven Road,Charles de Gaulle,0,2025-10-11,bbb,1.jpg,3,0,0
4,614 Helena Way,Dallas/Fort Worth International,0,2025-10-22,ddd,2.jpg,4,0,0
5,8665 Northfield Street,Incheon International,0,2025-10-06,ddd,2.jpg,5,0,0
6,0 Anderson Plaza,Indira Gandhi International,0,2025-02-15,ccc,1.jpg,6,0,0
7,42 Jana Lane,Suvarnabhumi,0,2025-11-02,eee,2.jpg,7,0,0
8,480 Namekagon Court,Hartsfield-Jackson Atlanta,0,2025-03-15,ddd,2.jpg,8,0,0
9,86 Mallard Junction,Dubai International,0,2025-11-26,aaa,2.jpg,9,0,0
10,71251 John Wall Pass,Charles de Gaulle,0,2025-10-17,eee,1.jpg,10,0,0
11,24 Sullivan Drive,São Paulo/Guarulhos International,0,2025-11-19,aaa,2.jpg,11,0,0
12,4 Leroy Crossing,Hong Kong International,0,2025-11-22,ddd,2.jpg,12,0,0
13,832 Buena Vista Avenue,Hartsfield-Jackson Atlanta,0,2025-05-07,eee,1.jpg,13,0,0
14,010 Hallows Way,Kuala Lumpur International,0,2025-06-25,ddd,2.jpg,14,0,0
15,19 Reinke Center,Charles de Gaulle,0,2025-06-08,aaa,1.jpg,15,0,0
16,16 Atwood Plaza,Changi,0,2025-03-25,bbb,2.jpg,16,0,0
17,3513 Pond Point,Hartsfield-Jackson Atlanta,0,2025-02-11,ccc,1.jpg,17,0,0
18,23 Pearson Lane,Frankfurt Airport,0,2025-01-27,aaa,2.jpg,18,0,0
19,718 Dwight Road,Dubai International,0,2025-06-14,eee,2.jpg,19,0,0
20,872 Buena Vista Alley,Frankfurt Airport,0,2025-08-19,ddd,2.jpg,20,0,0
21,47 Cambridge Crossing,Jomo Kenyatta International,0,2025-01-03,ddd,2.jpg,21,0,0
22,5 Sullivan Parkway,Changi,0,2025-09-03,bbb,1.jpg,22,0,0
23,39018 Glendale Lane,Ministro Pistarini International,0,2025-04-29,eee,1.jpg,23,0,0
24,48 Melody Park,Bole International,0,2025-04-18,eee,2.jpg,24,0,0
25,6248 Oriole Alley,Charles de Gaulle,0,2025-05-01,ccc,2.jpg,25,0,0
26,851 Raven Center,Charles de Gaulle,0,2025-03-24,ccc,2.jpg,26,0,0
27,8988 Declaration Parkway,Bole International,0,2025-03-12,aaa,1.jpg,27,0,0
28,56 Rutledge Pass,Incheon International,0,2025-09-03,bbb,1.jpg,28,0,0
29,22 Laurel Circle,Frankfurt Airport,0,2025-06-14,ccc,1.jpg,29,0,0
30,51238 Saint Paul Terrace,Charles de Gaulle,0,2025-04-18,aaa,1.jpg,30,0,0
31,4290 Daystar Crossing,Charles de Gaulle,0,2025-02-22,eee,2.jpg,31,0,0
32,3530 Forest Run Circle,São Paulo/Guarulhos International,0,2025-06-05,bbb,2.jpg,32,0,0
33,51738 Namekagon Terrace,Hartsfield-Jackson Atlanta,0,2025-08-31,eee,2.jpg,33,0,0
34,7 David Avenue,Ministro Pistarini International,0,2025-07-12,aaa,2.jpg,34,0,0
35,834 Namekagon Court,Kuala Lumpur International,0,2025-05-11,ccc,2.jpg,35,0,0
36,2018 Havey Alley,Ministro Pistarini International,0,2025-03-21,aaa,2.jpg,36,0,0
37,874 Pennsylvania Parkway,Hartsfield-Jackson Atlanta,0,2025-07-19,ddd,2.jpg,37,0,0
38,45 Armistice Parkway,Auckland Airport,0,2025-09-16,eee,2.jpg,38,0,0
39,0631 Sunfield Avenue,Frankfurt Airport,0,2025-11-08,ddd,2.jpg,39,0,0
40,57 Lakewood Gardens Circle,Ministro Pistarini International,0,2025-01-14,ccc,2.jpg,40,0,0
41,27445 Hooker Crossing,O'Hare International,0,2025-03-20,bbb,1.jpg,41,0,0
42,970 Debs Park,Vancouver International,0,2025-09-12,ccc,1.jpg,42,0,0
43,0534 Waywood Plaza,Bole International,0,2025-11-11,eee,1.jpg,43,0,0
44,32419 Linden Way,John F. Kennedy International,0,2025-11-19,ddd,2.jpg,44,0,0
45,16 South Point,Frankfurt Airport,0,2025-03-28,ccc,2.jpg,45,0,0
46,304 Warner Place,Charles de Gaulle,0,2025-09-29,ccc,1.jpg,46,0,0
47,92538 Nevada Circle,Changi,0,2025-05-21,bbb,2.jpg,47,0,0
48,211 Havey Trail,Sydney Airport,0,2025-06-16,bbb,1.jpg,48,0,0
49,94 Hauk Junction,Frankfurt Airport,0,2025-09-27,ddd,1.jpg,49,0,0
50,1 Petterle Point,Jomo Kenyatta International,0,2024-12-23,eee,2.jpg,50,0,0
51,95581 2nd Circle,Bole International,0,2025-06-25,bbb,2.jpg,51,0,0
52,1 Brickson Park Place,Hartsfield-Jackson Atlanta,0,2024-12-25,ccc,1.jpg,52,0,0
53,23188 Portage Center,Frankfurt Airport,0,2025-07-08,ddd,2.jpg,53,0,0
54,0 Pleasure Place,Hartsfield-Jackson Atlanta,0,2025-10-06,aaa,1.jpg,54,0,0
55,40 Grim Terrace,Stockholm Arlanda,0,2025-05-23,aaa,1.jpg,55,0,0
56,925 Morningstar Trail,Hartsfield-Jackson Atlanta,0,2025-01-13,ddd,2.jpg,56,0,0
57,5 Ridgeview Crossing,Hartsfield-Jackson Atlanta,0,2025-01-02,ccc,2.jpg,57,0,0
58,2 Graceland Trail,Melbourne Airport,0,2025-11-08,ddd,2.jpg,58,0,0
59,19803 Manley Junction,John F. Kennedy International,0,2025-03-23,eee,2.jpg,59,0,0
60,76695 Union Plaza,Haneda,0,2025-10-07,eee,2.jpg,60,0,0
61,9182 Petterle Avenue,Melbourne Airport,0,2025-12-04,ddd,1.jpg,61,0,0
62,05442 Nevada Center,Charles de Gaulle,0,2025-09-16,eee,2.jpg,62,0,0
63,96891 La Follette Terrace,O'Hare International,0,2025-02-07,aaa,1.jpg,63,0,0
64,767 East Alley,Hartsfield-Jackson Atlanta,0,2025-04-20,aaa,1.jpg,64,0,0
65,91 Pleasure Alley,Hartsfield-Jackson Atlanta,0,2025-09-21,aaa,2.jpg,65,0,0
66,49011 Mifflin Road,Melbourne Airport,0,2025-05-30,ccc,1.jpg,66,0,0
67,996 Manley Way,Charles de Gaulle,0,2025-02-20,ccc,1.jpg,67,0,0
68,039 Eastlawn Lane,Charles de Gaulle,0,2025-02-01,ccc,2.jpg,68,0,0
69,901 Rieder Trail,Sydney Airport,0,2024-12-16,bbb,1.jpg,69,0,0
70,215 Harbort Hill,Charles de Gaulle,0,2025-04-12,bbb,2.jpg,70,0,0
71,68630 Dennis Crossing,Leonardo da Vinci International,0,2025-11-28,ccc,2.jpg,71,0,0
72,2569 Ronald Regan Crossing,Melbourne Airport,0,2025-03-19,bbb,2.jpg,72,0,0
73,42 Prairie Rose Alley,Kuala Lumpur International,0,2025-01-15,eee,2.jpg,73,0,0
74,68620 Springview Center,O'Hare International,0,2025-10-08,ccc,2.jpg,74,0,0
75,61516 Oriole Trail,Melbourne Airport,0,2025-04-03,bbb,2.jpg,75,0,0
76,2 7th Trail,Hamad International,0,2025-04-30,aaa,2.jpg,76,0,0
77,3758 Burrows Point,Dubai International,0,2025-10-02,ddd,1.jpg,77,0,0
78,344 Springview Trail,Changi,0,2025-02-15,eee,1.jpg,78,0,0
79,6471 Havey Lane,Brisbane Airport,0,2025-03-10,ccc,2.jpg,79,0,0
80,79801 Carioca Junction,Charles de Gaulle,0,2025-11-20,eee,2.jpg,80,0,0
81,9 Cottonwood Place,Chhatrapati Shivaji International,0,2025-11-20,eee,2.jpg,81,0,0
82,827 Merchant Park,Ministro Pistarini International,0,2025-06-02,ccc,1.jpg,82,0,0
83,2816 Kinsman Place,Frankfurt Airport,0,2025-08-15,eee,2.jpg,83,0,0
84,35826 Novick Alley,Charles de Gaulle,0,2025-05-14,aaa,1.jpg,84,0,0
85,6283 Talisman Avenue,Chhatrapati Shivaji International,0,2025-06-21,aaa,1.jpg,85,0,0
86,800 Prentice Junction,Charles de Gaulle,0,2025-06-30,eee,2.jpg,86,0,0
87,5 Ludington Court,O'Hare International,0,2025-03-22,ccc,2.jpg,87,0,0
88,1 Service Way,Bole International,0,2025-12-03,bbb,2.jpg,88,0,0
89,51482 Donald Park,Leonardo da Vinci International,0,2025-01-29,ccc,1.jpg,89,0,0
90,559 Bowman Hill,Charles de Gaulle,0,2025-08-31,ddd,2.jpg,90,0,0
91,1395 Carey Center,Changi,0,2024-12-15,bbb,1.jpg,91,0,0
92,8 Jana Circle,Ministro Pistarini International,0,2025-08-18,eee,1.jpg,92,0,0
93,0 Hollow Ridge Drive,O'Hare International,0,2025-08-05,bbb,2.jpg,93,0,0
94,7 Scoville Drive,Miami International,0,2024-12-19,bbb,2.jpg,94,0,0
95,59 Gerald Circle,Charles de Gaulle,0,2025-06-16,ccc,1.jpg,95,0,0
96,557 Portage Crossing,Chhatrapati Shivaji International,0,2025-08-30,eee,2.jpg,96,0,0
97,6 Moland Way,Haneda,0,2025-02-04,eee,1.jpg,97,0,0
98,6 Warrior Court,Sydney Airport,0,2025-08-29,eee,1.jpg,98,0,0
99,0 Park Meadow Hill,Toronto Pearson,0,2025-05-21,ccc,1.jpg,99,0,0
100,4 Iowa Hill,Kuala Lumpur International,0,2025-06-12,bbb,2.jpg,100,0,0
